mov_title,rev_name
Vertigo,"Righty Sock"
Vertigo,"Jack Malvern"
Vertigo,"Flagrant Baronessa"
Vertigo,"Alec Shaw"
Vertigo,NULL
Vertigo,"Victor Woeltjen"
Vertigo,"Simon Wright"
Vertigo,"Neal Wruck"
Vertigo,"Paul Monks"
Vertigo,"Mike Salvati"
Vertigo,NULL
Vertigo,"Wesley S. Walker"
Vertigo,"Sasha Goldshtein"
Vertigo,"Josh Cates"
Vertigo,"Krug Stillo"
Vertigo,"Scott LeBrun"
Vertigo,"Hannah Steele"
Vertigo,"Vincent Cadena"
Vertigo,"Brandt Sponseller"
Vertigo,"Richard Adams"
"The Innocents","Righty Sock"
"The Innocents","Jack Malvern"
"The Innocents","Flagrant Baronessa"
"The Innocents","Alec Shaw"
"The Innocents",NULL
"The Innocents","Victor Woeltjen"
"The Innocents","Simon Wright"
"The Innocents","Neal Wruck"
"The Innocents","Paul Monks"
"The Innocents","Mike Salvati"
"The Innocents",NULL
"The Innocents","Wesley S. Walker"
"The Innocents","Sasha Goldshtein"
"The Innocents","Josh Cates"
"The Innocents","Krug Stillo"
"The Innocents","Scott LeBrun"
"The Innocents","Hannah Steele"
"The Innocents","Vincent Cadena"
"The Innocents","Brandt Sponseller"
"The Innocents","Richard Adams"
"Lawrence of Arabia","Righty Sock"
"Lawrence of Arabia","Jack Malvern"
"Lawrence of Arabia","Flagrant Baronessa"
"Lawrence of Arabia","Alec Shaw"
"Lawrence of Arabia",NULL
"Lawrence of Arabia","Victor Woeltjen"
"Lawrence of Arabia","Simon Wright"
"Lawrence of Arabia","Neal Wruck"
"Lawrence of Arabia","Paul Monks"
"Lawrence of Arabia","Mike Salvati"
"Lawrence of Arabia",NULL
"Lawrence of Arabia","Wesley S. Walker"
"Lawrence of Arabia","Sasha Goldshtein"
"Lawrence of Arabia","Josh Cates"
"Lawrence of Arabia","Krug Stillo"
"Lawrence of Arabia","Scott LeBrun"
"Lawrence of Arabia","Hannah Steele"
"Lawrence of Arabia","Vincent Cadena"
"Lawrence of Arabia","Brandt Sponseller"
"Lawrence of Arabia","Richard Adams"
"The Deer Hunter","Righty Sock"
"The Deer Hunter","Jack Malvern"
"The Deer Hunter","Flagrant Baronessa"
"The Deer Hunter","Alec Shaw"
"The Deer Hunter",NULL
"The Deer Hunter","Victor Woeltjen"
"The Deer Hunter","Simon Wright"
"The Deer Hunter","Neal Wruck"
"The Deer Hunter","Paul Monks"
"The Deer Hunter","Mike Salvati"
"The Deer Hunter",NULL
"The Deer Hunter","Wesley S. Walker"
"The Deer Hunter","Sasha Goldshtein"
"The Deer Hunter","Josh Cates"
"The Deer Hunter","Krug Stillo"
"The Deer Hunter","Scott LeBrun"
"The Deer Hunter","Hannah Steele"
"The Deer Hunter","Vincent Cadena"
"The Deer Hunter","Brandt Sponseller"
"The Deer Hunter","Richard Adams"
Amadeus,"Righty Sock"
Amadeus,"Jack Malvern"
Amadeus,"Flagrant Baronessa"
Amadeus,"Alec Shaw"
Amadeus,NULL
Amadeus,"Victor Woeltjen"
Amadeus,"Simon Wright"
Amadeus,"Neal Wruck"
Amadeus,"Paul Monks"
Amadeus,"Mike Salvati"
Amadeus,NULL
Amadeus,"Wesley S. Walker"
Amadeus,"Sasha Goldshtein"
Amadeus,"Josh Cates"
Amadeus,"Krug Stillo"
Amadeus,"Scott LeBrun"
Amadeus,"Hannah Steele"
Amadeus,"Vincent Cadena"
Amadeus,"Brandt Sponseller"
Amadeus,"Richard Adams"
"Blade Runner","Righty Sock"
"Blade Runner","Jack Malvern"
"Blade Runner","Flagrant Baronessa"
"Blade Runner","Alec Shaw"
"Blade Runner",NULL
"Blade Runner","Victor Woeltjen"
"Blade Runner","Simon Wright"
"Blade Runner","Neal Wruck"
"Blade Runner","Paul Monks"
"Blade Runner","Mike Salvati"
"Blade Runner",NULL
"Blade Runner","Wesley S. Walker"
"Blade Runner","Sasha Goldshtein"
"Blade Runner","Josh Cates"
"Blade Runner","Krug Stillo"
"Blade Runner","Scott LeBrun"
"Blade Runner","Hannah Steele"
"Blade Runner","Vincent Cadena"
"Blade Runner","Brandt Sponseller"
"Blade Runner","Richard Adams"
"Eyes Wide Shut","Righty Sock"
"Eyes Wide Shut","Jack Malvern"
"Eyes Wide Shut","Flagrant Baronessa"
"Eyes Wide Shut","Alec Shaw"
"Eyes Wide Shut",NULL
"Eyes Wide Shut","Victor Woeltjen"
"Eyes Wide Shut","Simon Wright"
"Eyes Wide Shut","Neal Wruck"
"Eyes Wide Shut","Paul Monks"
"Eyes Wide Shut","Mike Salvati"
"Eyes Wide Shut",NULL
"Eyes Wide Shut","Wesley S. Walker"
"Eyes Wide Shut","Sasha Goldshtein"
"Eyes Wide Shut","Josh Cates"
"Eyes Wide Shut","Krug Stillo"
"Eyes Wide Shut","Scott LeBrun"
"Eyes Wide Shut","Hannah Steele"
"Eyes Wide Shut","Vincent Cadena"
"Eyes Wide Shut","Brandt Sponseller"
"Eyes Wide Shut","Richard Adams"
"The Usual Suspects","Righty Sock"
"The Usual Suspects","Jack Malvern"
"The Usual Suspects","Flagrant Baronessa"
"The Usual Suspects","Alec Shaw"
"The Usual Suspects",NULL
"The Usual Suspects","Victor Woeltjen"
"The Usual Suspects","Simon Wright"
"The Usual Suspects","Neal Wruck"
"The Usual Suspects","Paul Monks"
"The Usual Suspects","Mike Salvati"
"The Usual Suspects",NULL
"The Usual Suspects","Wesley S. Walker"
"The Usual Suspects","Sasha Goldshtein"
"The Usual Suspects","Josh Cates"
"The Usual Suspects","Krug Stillo"
"The Usual Suspects","Scott LeBrun"
"The Usual Suspects","Hannah Steele"
"The Usual Suspects","Vincent Cadena"
"The Usual Suspects","Brandt Sponseller"
"The Usual Suspects","Richard Adams"
Chinatown,"Righty Sock"
Chinatown,"Jack Malvern"
Chinatown,"Flagrant Baronessa"
Chinatown,"Alec Shaw"
Chinatown,NULL
Chinatown,"Victor Woeltjen"
Chinatown,"Simon Wright"
Chinatown,"Neal Wruck"
Chinatown,"Paul Monks"
Chinatown,"Mike Salvati"
Chinatown,NULL
Chinatown,"Wesley S. Walker"
Chinatown,"Sasha Goldshtein"
Chinatown,"Josh Cates"
Chinatown,"Krug Stillo"
Chinatown,"Scott LeBrun"
Chinatown,"Hannah Steele"
Chinatown,"Vincent Cadena"
Chinatown,"Brandt Sponseller"
Chinatown,"Richard Adams"
"Boogie Nights","Righty Sock"
"Boogie Nights","Jack Malvern"
"Boogie Nights","Flagrant Baronessa"
"Boogie Nights","Alec Shaw"
"Boogie Nights",NULL
"Boogie Nights","Victor Woeltjen"
"Boogie Nights","Simon Wright"
"Boogie Nights","Neal Wruck"
"Boogie Nights","Paul Monks"
"Boogie Nights","Mike Salvati"
"Boogie Nights",NULL
"Boogie Nights","Wesley S. Walker"
"Boogie Nights","Sasha Goldshtein"
"Boogie Nights","Josh Cates"
"Boogie Nights","Krug Stillo"
"Boogie Nights","Scott LeBrun"
"Boogie Nights","Hannah Steele"
"Boogie Nights","Vincent Cadena"
"Boogie Nights","Brandt Sponseller"
"Boogie Nights","Richard Adams"
"Annie Hall","Righty Sock"
"Annie Hall","Jack Malvern"
"Annie Hall","Flagrant Baronessa"
"Annie Hall","Alec Shaw"
"Annie Hall",NULL
"Annie Hall","Victor Woeltjen"
"Annie Hall","Simon Wright"
"Annie Hall","Neal Wruck"
"Annie Hall","Paul Monks"
"Annie Hall","Mike Salvati"
"Annie Hall",NULL
"Annie Hall","Wesley S. Walker"
"Annie Hall","Sasha Goldshtein"
"Annie Hall","Josh Cates"
"Annie Hall","Krug Stillo"
"Annie Hall","Scott LeBrun"
"Annie Hall","Hannah Steele"
"Annie Hall","Vincent Cadena"
"Annie Hall","Brandt Sponseller"
"Annie Hall","Richard Adams"
"Princess Mononoke","Righty Sock"
"Princess Mononoke","Jack Malvern"
"Princess Mononoke","Flagrant Baronessa"
"Princess Mononoke","Alec Shaw"
"Princess Mononoke",NULL
"Princess Mononoke","Victor Woeltjen"
"Princess Mononoke","Simon Wright"
"Princess Mononoke","Neal Wruck"
"Princess Mononoke","Paul Monks"
"Princess Mononoke","Mike Salvati"
"Princess Mononoke",NULL
"Princess Mononoke","Wesley S. Walker"
"Princess Mononoke","Sasha Goldshtein"
"Princess Mononoke","Josh Cates"
"Princess Mononoke","Krug Stillo"
"Princess Mononoke","Scott LeBrun"
"Princess Mononoke","Hannah Steele"
"Princess Mononoke","Vincent Cadena"
"Princess Mononoke","Brandt Sponseller"
"Princess Mononoke","Richard Adams"
"The Shawshank Redemption","Righty Sock"
"The Shawshank Redemption","Jack Malvern"
"The Shawshank Redemption","Flagrant Baronessa"
"The Shawshank Redemption","Alec Shaw"
"The Shawshank Redemption",NULL
"The Shawshank Redemption","Victor Woeltjen"
"The Shawshank Redemption","Simon Wright"
"The Shawshank Redemption","Neal Wruck"
"The Shawshank Redemption","Paul Monks"
"The Shawshank Redemption","Mike Salvati"
"The Shawshank Redemption",NULL
"The Shawshank Redemption","Wesley S. Walker"
"The Shawshank Redemption","Sasha Goldshtein"
"The Shawshank Redemption","Josh Cates"
"The Shawshank Redemption","Krug Stillo"
"The Shawshank Redemption","Scott LeBrun"
"The Shawshank Redemption","Hannah Steele"
"The Shawshank Redemption","Vincent Cadena"
"The Shawshank Redemption","Brandt Sponseller"
"The Shawshank Redemption","Richard Adams"
"American Beauty","Righty Sock"
"American Beauty","Jack Malvern"
"American Beauty","Flagrant Baronessa"
"American Beauty","Alec Shaw"
"American Beauty",NULL
"American Beauty","Victor Woeltjen"
"American Beauty","Simon Wright"
"American Beauty","Neal Wruck"
"American Beauty","Paul Monks"
"American Beauty","Mike Salvati"
"American Beauty",NULL
"American Beauty","Wesley S. Walker"
"American Beauty","Sasha Goldshtein"
"American Beauty","Josh Cates"
"American Beauty","Krug Stillo"
"American Beauty","Scott LeBrun"
"American Beauty","Hannah Steele"
"American Beauty","Vincent Cadena"
"American Beauty","Brandt Sponseller"
"American Beauty","Richard Adams"
Titanic,"Righty Sock"
Titanic,"Jack Malvern"
Titanic,"Flagrant Baronessa"
Titanic,"Alec Shaw"
Titanic,NULL
Titanic,"Victor Woeltjen"
Titanic,"Simon Wright"
Titanic,"Neal Wruck"
Titanic,"Paul Monks"
Titanic,"Mike Salvati"
Titanic,NULL
Titanic,"Wesley S. Walker"
Titanic,"Sasha Goldshtein"
Titanic,"Josh Cates"
Titanic,"Krug Stillo"
Titanic,"Scott LeBrun"
Titanic,"Hannah Steele"
Titanic,"Vincent Cadena"
Titanic,"Brandt Sponseller"
Titanic,"Richard Adams"
"Good Will Hunting","Righty Sock"
"Good Will Hunting","Jack Malvern"
"Good Will Hunting","Flagrant Baronessa"
"Good Will Hunting","Alec Shaw"
"Good Will Hunting",NULL
"Good Will Hunting","Victor Woeltjen"
"Good Will Hunting","Simon Wright"
"Good Will Hunting","Neal Wruck"
"Good Will Hunting","Paul Monks"
"Good Will Hunting","Mike Salvati"
"Good Will Hunting",NULL
"Good Will Hunting","Wesley S. Walker"
"Good Will Hunting","Sasha Goldshtein"
"Good Will Hunting","Josh Cates"
"Good Will Hunting","Krug Stillo"
"Good Will Hunting","Scott LeBrun"
"Good Will Hunting","Hannah Steele"
"Good Will Hunting","Vincent Cadena"
"Good Will Hunting","Brandt Sponseller"
"Good Will Hunting","Richard Adams"
Deliverance,"Righty Sock"
Deliverance,"Jack Malvern"
Deliverance,"Flagrant Baronessa"
Deliverance,"Alec Shaw"
Deliverance,NULL
Deliverance,"Victor Woeltjen"
Deliverance,"Simon Wright"
Deliverance,"Neal Wruck"
Deliverance,"Paul Monks"
Deliverance,"Mike Salvati"
Deliverance,NULL
Deliverance,"Wesley S. Walker"
Deliverance,"Sasha Goldshtein"
Deliverance,"Josh Cates"
Deliverance,"Krug Stillo"
Deliverance,"Scott LeBrun"
Deliverance,"Hannah Steele"
Deliverance,"Vincent Cadena"
Deliverance,"Brandt Sponseller"
Deliverance,"Richard Adams"
Trainspotting,"Righty Sock"
Trainspotting,"Jack Malvern"
Trainspotting,"Flagrant Baronessa"
Trainspotting,"Alec Shaw"
Trainspotting,NULL
Trainspotting,"Victor Woeltjen"
Trainspotting,"Simon Wright"
Trainspotting,"Neal Wruck"
Trainspotting,"Paul Monks"
Trainspotting,"Mike Salvati"
Trainspotting,NULL
Trainspotting,"Wesley S. Walker"
Trainspotting,"Sasha Goldshtein"
Trainspotting,"Josh Cates"
Trainspotting,"Krug Stillo"
Trainspotting,"Scott LeBrun"
Trainspotting,"Hannah Steele"
Trainspotting,"Vincent Cadena"
Trainspotting,"Brandt Sponseller"
Trainspotting,"Richard Adams"
"The Prestige","Righty Sock"
"The Prestige","Jack Malvern"
"The Prestige","Flagrant Baronessa"
"The Prestige","Alec Shaw"
"The Prestige",NULL
"The Prestige","Victor Woeltjen"
"The Prestige","Simon Wright"
"The Prestige","Neal Wruck"
"The Prestige","Paul Monks"
"The Prestige","Mike Salvati"
"The Prestige",NULL
"The Prestige","Wesley S. Walker"
"The Prestige","Sasha Goldshtein"
"The Prestige","Josh Cates"
"The Prestige","Krug Stillo"
"The Prestige","Scott LeBrun"
"The Prestige","Hannah Steele"
"The Prestige","Vincent Cadena"
"The Prestige","Brandt Sponseller"
"The Prestige","Richard Adams"
"Donnie Darko","Righty Sock"
"Donnie Darko","Jack Malvern"
"Donnie Darko","Flagrant Baronessa"
"Donnie Darko","Alec Shaw"
"Donnie Darko",NULL
"Donnie Darko","Victor Woeltjen"
"Donnie Darko","Simon Wright"
"Donnie Darko","Neal Wruck"
"Donnie Darko","Paul Monks"
"Donnie Darko","Mike Salvati"
"Donnie Darko",NULL
"Donnie Darko","Wesley S. Walker"
"Donnie Darko","Sasha Goldshtein"
"Donnie Darko","Josh Cates"
"Donnie Darko","Krug Stillo"
"Donnie Darko","Scott LeBrun"
"Donnie Darko","Hannah Steele"
"Donnie Darko","Vincent Cadena"
"Donnie Darko","Brandt Sponseller"
"Donnie Darko","Richard Adams"
"Slumdog Millionaire","Righty Sock"
"Slumdog Millionaire","Jack Malvern"
"Slumdog Millionaire","Flagrant Baronessa"
"Slumdog Millionaire","Alec Shaw"
"Slumdog Millionaire",NULL
"Slumdog Millionaire","Victor Woeltjen"
"Slumdog Millionaire","Simon Wright"
"Slumdog Millionaire","Neal Wruck"
"Slumdog Millionaire","Paul Monks"
"Slumdog Millionaire","Mike Salvati"
"Slumdog Millionaire",NULL
"Slumdog Millionaire","Wesley S. Walker"
"Slumdog Millionaire","Sasha Goldshtein"
"Slumdog Millionaire","Josh Cates"
"Slumdog Millionaire","Krug Stillo"
"Slumdog Millionaire","Scott LeBrun"
"Slumdog Millionaire","Hannah Steele"
"Slumdog Millionaire","Vincent Cadena"
"Slumdog Millionaire","Brandt Sponseller"
"Slumdog Millionaire","Richard Adams"
Aliens,"Righty Sock"
Aliens,"Jack Malvern"
Aliens,"Flagrant Baronessa"
Aliens,"Alec Shaw"
Aliens,NULL
Aliens,"Victor Woeltjen"
Aliens,"Simon Wright"
Aliens,"Neal Wruck"
Aliens,"Paul Monks"
Aliens,"Mike Salvati"
Aliens,NULL
Aliens,"Wesley S. Walker"
Aliens,"Sasha Goldshtein"
Aliens,"Josh Cates"
Aliens,"Krug Stillo"
Aliens,"Scott LeBrun"
Aliens,"Hannah Steele"
Aliens,"Vincent Cadena"
Aliens,"Brandt Sponseller"
Aliens,"Richard Adams"
"Beyond the Sea","Righty Sock"
"Beyond the Sea","Jack Malvern"
"Beyond the Sea","Flagrant Baronessa"
"Beyond the Sea","Alec Shaw"
"Beyond the Sea",NULL
"Beyond the Sea","Victor Woeltjen"
"Beyond the Sea","Simon Wright"
"Beyond the Sea","Neal Wruck"
"Beyond the Sea","Paul Monks"
"Beyond the Sea","Mike Salvati"
"Beyond the Sea",NULL
"Beyond the Sea","Wesley S. Walker"
"Beyond the Sea","Sasha Goldshtein"
"Beyond the Sea","Josh Cates"
"Beyond the Sea","Krug Stillo"
"Beyond the Sea","Scott LeBrun"
"Beyond the Sea","Hannah Steele"
"Beyond the Sea","Vincent Cadena"
"Beyond the Sea","Brandt Sponseller"
"Beyond the Sea","Richard Adams"
Avatar,"Righty Sock"
Avatar,"Jack Malvern"
Avatar,"Flagrant Baronessa"
Avatar,"Alec Shaw"
Avatar,NULL
Avatar,"Victor Woeltjen"
Avatar,"Simon Wright"
Avatar,"Neal Wruck"
Avatar,"Paul Monks"
Avatar,"Mike Salvati"
Avatar,NULL
Avatar,"Wesley S. Walker"
Avatar,"Sasha Goldshtein"
Avatar,"Josh Cates"
Avatar,"Krug Stillo"
Avatar,"Scott LeBrun"
Avatar,"Hannah Steele"
Avatar,"Vincent Cadena"
Avatar,"Brandt Sponseller"
Avatar,"Richard Adams"
Braveheart,"Righty Sock"
Braveheart,"Jack Malvern"
Braveheart,"Flagrant Baronessa"
Braveheart,"Alec Shaw"
Braveheart,NULL
Braveheart,"Victor Woeltjen"
Braveheart,"Simon Wright"
Braveheart,"Neal Wruck"
Braveheart,"Paul Monks"
Braveheart,"Mike Salvati"
Braveheart,NULL
Braveheart,"Wesley S. Walker"
Braveheart,"Sasha Goldshtein"
Braveheart,"Josh Cates"
Braveheart,"Krug Stillo"
Braveheart,"Scott LeBrun"
Braveheart,"Hannah Steele"
Braveheart,"Vincent Cadena"
Braveheart,"Brandt Sponseller"
Braveheart,"Richard Adams"
"Seven Samurai","Righty Sock"
"Seven Samurai","Jack Malvern"
"Seven Samurai","Flagrant Baronessa"
"Seven Samurai","Alec Shaw"
"Seven Samurai",NULL
"Seven Samurai","Victor Woeltjen"
"Seven Samurai","Simon Wright"
"Seven Samurai","Neal Wruck"
"Seven Samurai","Paul Monks"
"Seven Samurai","Mike Salvati"
"Seven Samurai",NULL
"Seven Samurai","Wesley S. Walker"
"Seven Samurai","Sasha Goldshtein"
"Seven Samurai","Josh Cates"
"Seven Samurai","Krug Stillo"
"Seven Samurai","Scott LeBrun"
"Seven Samurai","Hannah Steele"
"Seven Samurai","Vincent Cadena"
"Seven Samurai","Brandt Sponseller"
"Seven Samurai","Richard Adams"
"Spirited Away","Righty Sock"
"Spirited Away","Jack Malvern"
"Spirited Away","Flagrant Baronessa"
"Spirited Away","Alec Shaw"
"Spirited Away",NULL
"Spirited Away","Victor Woeltjen"
"Spirited Away","Simon Wright"
"Spirited Away","Neal Wruck"
"Spirited Away","Paul Monks"
"Spirited Away","Mike Salvati"
"Spirited Away",NULL
"Spirited Away","Wesley S. Walker"
"Spirited Away","Sasha Goldshtein"
"Spirited Away","Josh Cates"
"Spirited Away","Krug Stillo"
"Spirited Away","Scott LeBrun"
"Spirited Away","Hannah Steele"
"Spirited Away","Vincent Cadena"
"Spirited Away","Brandt Sponseller"
"Spirited Away","Richard Adams"
"Back to the Future","Righty Sock"
"Back to the Future","Jack Malvern"
"Back to the Future","Flagrant Baronessa"
"Back to the Future","Alec Shaw"
"Back to the Future",NULL
"Back to the Future","Victor Woeltjen"
"Back to the Future","Simon Wright"
"Back to the Future","Neal Wruck"
"Back to the Future","Paul Monks"
"Back to the Future","Mike Salvati"
"Back to the Future",NULL
"Back to the Future","Wesley S. Walker"
"Back to the Future","Sasha Goldshtein"
"Back to the Future","Josh Cates"
"Back to the Future","Krug Stillo"
"Back to the Future","Scott LeBrun"
"Back to the Future","Hannah Steele"
"Back to the Future","Vincent Cadena"
"Back to the Future","Brandt Sponseller"
"Back to the Future","Richard Adams"
